user_id,name,skills,education,interests,location,availability,experience,preferred_domain
U0001,User_1,"First Aid, Python",Postgraduate,Technology,Bengaluru,Full-time,Experienced,Research
U0002,User_2,"Community Outreach, Data Visualization",High School,Healthcare,Bengaluru,Part-time,Experienced,Community Development
U0003,User_3,"C++, JavaScript",PhD,Disaster Relief,Chennai,Weekends,Beginner,Environment
U0004,User_4,"Excel, Graphic Design, JavaScript, Public Speaking, SQL",High School,"Child Welfare, Healthcare",Kolkata,Weekends,Experienced,Social Work
U0005,User_5,"First Aid, Fundraising",High School,"Healthcare, Rural Development",Delhi,Weekends,Experienced,Technology
U0006,User_6,"Data Analysis, Photography",Undergraduate,"Healthcare, Technology",Kolkata,Full-time,Intermediate,Social Work
U0007,User_7,"JavaScript, Photography, Social Media Marketing, Video Editing, Web Development",Postgraduate,"Arts & Culture, Healthcare, Startups",Chennai,Part-time,Experienced,Technology
U0008,User_8,"Fundraising, Public Speaking, Teaching",Undergraduate,"Child Welfare, Data Science, Education",Bengaluru,Full-time,Intermediate,Finance
U0009,User_9,"Data Visualization, JavaScript, Machine Learning, Research",Postgraduate,Arts & Culture,Mumbai,Flexible,Experienced,Design
U0010,User_10,"Excel, Public Speaking, React",Postgraduate,"Animal Welfare, Human Rights, Startups",Mumbai,Weekends,Beginner,Environment
U0011,User_11,"Data Analysis, Excel, Machine Learning, SQL, Video Editing",Undergraduate,"Animal Welfare, Healthcare, Human Rights",Mumbai,Flexible,Experienced,Design
U0012,User_12,"C++, First Aid, Photography, Python",High School,"Data Science, Rural Development, Women Empowerment",Kolkata,Weekends,Beginner,Social Work
U0013,User_13,"First Aid, Fundraising, Public Speaking, Python, Web Development",Undergraduate,"Arts & Culture, Healthcare, Women Empowerment",Kolkata,Part-time,Beginner,Marketing
U0014,User_14,"C++, Java, Python",Postgraduate,"Education, Healthcare",Delhi,Weekends,Beginner,Education
U0015,User_15,"Data Visualization, First Aid, Machine Learning",PhD,Data Science,Chennai,Part-time,Beginner,Design
U0016,User_16,"Java, Project Management, Public Speaking",PhD,Rural Development,Kolkata,Part-time,Experienced,Social Work
U0017,User_17,"Fundraising, Java, Photography, Social Media Marketing, Video Editing",PhD,Technology,Bengaluru,Full-time,Intermediate,Education
U0018,User_18,"Data Visualization, Python, React",High School,"Arts & Culture, Education, Technology",Hyderabad,Full-time,Intermediate,Healthcare
U0019,User_19,"Event Management, Photography, Public Speaking",Undergraduate,"Environment, Human Rights, Sports",Chennai,Flexible,Beginner,Design
U0020,User_20,"Community Outreach, JavaScript, Photography, SQL, Social Media Marketing",PhD,"Disaster Relief, Sports",Hyderabad,Full-time,Beginner,Finance
U0021,User_21,"C++, JavaScript, React, SQL",PhD,Animal Welfare,Bengaluru,Weekends,Intermediate,Technology
U0022,User_22,"C++, Fundraising",High School,Arts & Culture,Chennai,Full-time,Beginner,Technology
U0023,User_23,"Community Outreach, Event Management, JavaScript",PhD,Environment,Mumbai,Full-time,Intermediate,Social Work
U0024,User_24,"C++, Community Outreach, Content Writing, First Aid, Research",PhD,Technology,Delhi,Part-time,Beginner,Community Development
U0025,User_25,"First Aid, Graphic Design",High School,Human Rights,Mumbai,Part-time,Beginner,Research
U0026,User_26,"Machine Learning, Web Development",High School,"Animal Welfare, Startups, Technology",Hyderabad,Part-time,Experienced,Community Development
U0027,User_27,"Machine Learning, Project Management",PhD,"Human Rights, Rural Development, Startups",Delhi,Weekends,Beginner,Marketing
U0028,User_28,"Excel, Public Speaking, Teaching",Postgraduate,"Child Welfare, Data Science",Hyderabad,Full-time,Intermediate,Community Development
U0029,User_29,"C++, Machine Learning",Undergraduate,"Child Welfare, Environment, Women Empowerment",Hyderabad,Part-time,Intermediate,Social Work
U0030,User_30,"C++, Fundraising, Research",Postgraduate,"Arts & Culture, Data Science, Rural Development",Hyderabad,Weekends,Experienced,Healthcare
U0031,User_31,"First Aid, Public Speaking, SQL",Undergraduate,"Human Rights, Women Empowerment",Bengaluru,Weekends,Beginner,Social Work
U0032,User_32,"Community Outreach, Data Analysis, Machine Learning, Public Speaking, Video Editing",Postgraduate,Education,Delhi,Part-time,Experienced,Social Work
U0033,User_33,"C++, First Aid, Fundraising",PhD,"Data Science, Education, Healthcare",Pune,Part-time,Experienced,Education
U0034,User_34,"C++, Community Outreach, Data Visualization, Excel",Undergraduate,Women Empowerment,Delhi,Full-time,Intermediate,Technology
U0035,User_35,"Photography, SQL, Social Media Marketing",PhD,"Environment, Sports, Technology",Kolkata,Part-time,Beginner,Finance
U0036,User_36,"First Aid, Web Development",Postgraduate,"Arts & Culture, Data Science",Kolkata,Part-time,Intermediate,Environment
U0037,User_37,"Data Analysis, Teaching",PhD,Technology,Kolkata,Flexible,Intermediate,Social Work
U0038,User_38,"Photography, Python, React",Undergraduate,"Child Welfare, Women Empowerment",Kolkata,Full-time,Intermediate,Marketing
U0039,User_39,"C++, Graphic Design, Photography, Python, SQL",Postgraduate,Human Rights,Delhi,Full-time,Beginner,Community Development
U0040,User_40,"Community Outreach, First Aid, Graphic Design, Project Management, Social Media Marketing",High School,"Human Rights, Technology",Delhi,Full-time,Experienced,Finance
U0041,User_41,"C++, Java",Undergraduate,"Animal Welfare, Healthcare",Pune,Weekends,Experienced,Marketing
U0042,User_42,"Content Writing, First Aid",Postgraduate,"Animal Welfare, Child Welfare, Startups",Pune,Weekends,Experienced,Environment
U0043,User_43,"Community Outreach, Photography, Teaching",Undergraduate,"Animal Welfare, Human Rights, Women Empowerment",Chennai,Full-time,Intermediate,Social Work
U0044,User_44,"Community Outreach, Data Visualization, Project Management",Postgraduate,"Disaster Relief, Startups",Pune,Part-time,Experienced,Design
U0045,User_45,"Content Writing, Machine Learning, Photography",Postgraduate,Startups,Kolkata,Part-time,Experienced,Social Work
U0046,User_46,"Excel, JavaScript, Python",High School,Disaster Relief,Chennai,Full-time,Intermediate,Finance
U0047,User_47,"Event Management, Research, Teaching",PhD,Environment,Pune,Full-time,Beginner,Finance
U0048,User_48,"Java, Research, Web Development",PhD,Rural Development,Bengaluru,Full-time,Intermediate,Environment
U0049,User_49,"C++, Graphic Design, Java, Photography, Project Management",PhD,"Rural Development, Sports, Startups",Mumbai,Flexible,Beginner,Design
U0050,User_50,"Event Management, Java, Public Speaking, React, Video Editing",Undergraduate,"Disaster Relief, Healthcare",Pune,Weekends,Beginner,Social Work
U0051,User_51,"C++, Excel, Graphic Design, Machine Learning",Undergraduate,Animal Welfare,Pune,Part-time,Experienced,Technology
U0052,User_52,"Community Outreach, Graphic Design",PhD,"Education, Technology",Kolkata,Flexible,Intermediate,Community Development
U0053,User_53,"Data Visualization, Teaching",PhD,Child Welfare,Delhi,Flexible,Intermediate,Research
U0054,User_54,"Event Management, Public Speaking, React",PhD,"Animal Welfare, Education",Delhi,Flexible,Experienced,Environment
U0055,User_55,"C++, Excel, Project Management, Python, Teaching",High School,Arts & Culture,Mumbai,Part-time,Intermediate,Environment
U0056,User_56,"Public Speaking, Teaching",Postgraduate,Disaster Relief,Delhi,Weekends,Intermediate,Social Work
U0057,User_57,"Event Management, First Aid, Machine Learning, Public Speaking, Python",High School,"Arts & Culture, Technology",Hyderabad,Full-time,Beginner,Technology
U0058,User_58,"Excel, Project Management, Python",Undergraduate,Disaster Relief,Pune,Full-time,Experienced,Technology
U0059,User_59,"Project Management, Public Speaking, Research, Social Media Marketing, Web Development",High School,Women Empowerment,Hyderabad,Full-time,Intermediate,Community Development
U0060,User_60,"Data Visualization, JavaScript, Machine Learning, Research, Teaching",Undergraduate,Sports,Kolkata,Weekends,Experienced,Community Development
U0061,User_61,"Data Analysis, Data Visualization",Postgraduate,"Animal Welfare, Arts & Culture, Child Welfare",Hyderabad,Weekends,Beginner,Finance
U0062,User_62,"Community Outreach, Fundraising, SQL, Social Media Marketing, Video Editing",Undergraduate,"Environment, Sports",Chennai,Weekends,Experienced,Research
U0063,User_63,"Community Outreach, Data Visualization, First Aid, Fundraising, Public Speaking",Postgraduate,Startups,Hyderabad,Weekends,Intermediate,Technology
U0064,User_64,"Data Visualization, Graphic Design, Photography, Project Management, Teaching",High School,"Child Welfare, Startups",Bengaluru,Flexible,Beginner,Marketing
U0065,User_65,"Graphic Design, Project Management, Public Speaking, Research",Postgraduate,"Education, Rural Development, Technology",Hyderabad,Part-time,Experienced,Finance
U0066,User_66,"C++, Event Management, React, Research, Video Editing",PhD,"Data Science, Education",Hyderabad,Weekends,Beginner,Finance
U0067,User_67,"Content Writing, Data Visualization, Photography",Postgraduate,"Rural Development, Startups",Delhi,Flexible,Experienced,Research
U0068,User_68,"Fundraising, Public Speaking, Research, Social Media Marketing",Postgraduate,"Healthcare, Technology",Pune,Part-time,Intermediate,Healthcare
U0069,User_69,"Event Management, First Aid, JavaScript",Postgraduate,"Data Science, Human Rights, Rural Development",Chennai,Weekends,Beginner,Technology
U0070,User_70,"Content Writing, React, Social Media Marketing, Web Development",High School,"Environment, Rural Development, Women Empowerment",Hyderabad,Full-time,Experienced,Social Work
U0071,User_71,"Event Management, SQL, Video Editing",High School,"Data Science, Disaster Relief, Women Empowerment",Mumbai,Weekends,Beginner,Education
U0072,User_72,"Event Management, Machine Learning, SQL, Teaching",PhD,Human Rights,Pune,Full-time,Beginner,Environment
U0073,User_73,"C++, Machine Learning, React, SQL",PhD,"Data Science, Human Rights, Startups",Bengaluru,Flexible,Intermediate,Design
U0074,User_74,"Community Outreach, Content Writing, Data Visualization, Project Management",High School,"Healthcare, Sports, Technology",Pune,Part-time,Intermediate,Healthcare
U0075,User_75,"C++, React, Web Development",High School,Education,Mumbai,Flexible,Experienced,Community Development
U0076,User_76,"Content Writing, Data Analysis, Fundraising, React, Research",High School,"Arts & Culture, Technology, Women Empowerment",Chennai,Part-time,Intermediate,Healthcare
U0077,User_77,"Excel, Public Speaking, Video Editing",Undergraduate,Education,Bengaluru,Weekends,Experienced,Community Development
U0078,User_78,"Content Writing, Fundraising, Research, SQL",PhD,"Rural Development, Startups",Mumbai,Flexible,Beginner,Community Development
U0079,User_79,"Community Outreach, First Aid",Postgraduate,"Education, Healthcare, Women Empowerment",Bengaluru,Full-time,Experienced,Social Work
U0080,User_80,"Event Management, Web Development",PhD,"Environment, Human Rights",Mumbai,Flexible,Beginner,Design
U0081,User_81,"Community Outreach, Graphic Design, Photography, SQL",Undergraduate,"Animal Welfare, Sports",Mumbai,Weekends,Experienced,Finance
U0082,User_82,"Fundraising, Machine Learning",Postgraduate,"Child Welfare, Healthcare",Kolkata,Flexible,Experienced,Education
U0083,User_83,"Community Outreach, Data Analysis, Java, JavaScript, Social Media Marketing",PhD,"Data Science, Disaster Relief, Education",Bengaluru,Weekends,Experienced,Environment
U0084,User_84,"Event Management, Fundraising, Research, SQL",High School,"Data Science, Human Rights, Technology",Pune,Part-time,Intermediate,Research
U0085,User_85,"C++, Community Outreach",High School,Startups,Hyderabad,Flexible,Beginner,Environment
U0086,User_86,"Community Outreach, Content Writing, Java, Public Speaking, Research",PhD,"Disaster Relief, Technology",Chennai,Part-time,Intermediate,Technology
U0087,User_87,"Community Outreach, Machine Learning, Public Speaking",Postgraduate,"Education, Startups, Women Empowerment",Pune,Weekends,Experienced,Community Development
U0088,User_88,"C++, Event Management, Excel, Fundraising, Social Media Marketing",Postgraduate,"Animal Welfare, Data Science, Rural Development",Mumbai,Weekends,Beginner,Technology
U0089,User_89,"Community Outreach, Data Analysis, First Aid, Graphic Design, React",PhD,"Animal Welfare, Data Science, Startups",Pune,Part-time,Intermediate,Education
U0090,User_90,"Data Visualization, Graphic Design, Java",High School,"Healthcare, Rural Development",Mumbai,Full-time,Experienced,Environment
U0091,User_91,"Event Management, Excel, Machine Learning, Public Speaking, Video Editing",Postgraduate,"Animal Welfare, Arts & Culture, Sports",Hyderabad,Weekends,Experienced,Research
U0092,User_92,"C++, Event Management, Graphic Design, Research, Video Editing",High School,"Arts & Culture, Healthcare, Technology",Pune,Weekends,Beginner,Healthcare
U0093,User_93,"Fundraising, Research, SQL, Video Editing, Web Development",Postgraduate,Education,Delhi,Full-time,Intermediate,Marketing
U0094,User_94,"Community Outreach, Excel, Java, React",PhD,"Arts & Culture, Data Science, Environment",Bengaluru,Part-time,Beginner,Community Development
U0095,User_95,"Data Visualization, Event Management, Photography, Project Management, React",Undergraduate,Disaster Relief,Pune,Weekends,Intermediate,Social Work
U0096,User_96,"Content Writing, Fundraising",Undergraduate,Disaster Relief,Delhi,Weekends,Experienced,Finance
U0097,User_97,"Content Writing, Fundraising, JavaScript, Teaching",PhD,Technology,Mumbai,Weekends,Experienced,Social Work
U0098,User_98,"Photography, Public Speaking, Python, Teaching",High School,"Arts & Culture, Sports, Startups",Hyderabad,Flexible,Intermediate,Technology
U0099,User_99,"JavaScript, Project Management, React, Video Editing",Postgraduate,"Arts & Culture, Data Science, Sports",Pune,Part-time,Experienced,Healthcare
U0100,User_100,"Content Writing, Fundraising",High School,"Child Welfare, Environment, Sports",Hyderabad,Weekends,Intermediate,Finance
U0101,User_101,"C++, Excel, JavaScript",Postgraduate,"Environment, Rural Development, Women Empowerment",Delhi,Flexible,Intermediate,Marketing
U0102,User_102,"Fundraising, Machine Learning",Undergraduate,Startups,Pune,Flexible,Experienced,Marketing
U0103,User_103,"Python, Teaching",Postgraduate,"Child Welfare, Disaster Relief, Healthcare",Pune,Weekends,Experienced,Finance
U0104,User_104,"Event Management, Photography, React, SQL",High School,"Child Welfare, Human Rights, Rural Development",Bengaluru,Full-time,Experienced,Design
U0105,User_105,"Community Outreach, Excel, SQL, Video Editing",High School,Women Empowerment,Mumbai,Full-time,Beginner,Technology
U0106,User_106,"Fundraising, Social Media Marketing, Teaching",PhD,"Environment, Sports, Startups",Mumbai,Full-time,Intermediate,Community Development
U0107,User_107,"Data Analysis, JavaScript, Public Speaking, Research, Social Media Marketing",PhD,"Child Welfare, Technology",Hyderabad,Weekends,Experienced,Marketing
U0108,User_108,"Public Speaking, Teaching",Undergraduate,Startups,Kolkata,Flexible,Beginner,Technology
U0109,User_109,"Data Analysis, Graphic Design",Undergraduate,Data Science,Chennai,Part-time,Beginner,Research
U0110,User_110,"Data Visualization, JavaScript, React",Postgraduate,Data Science,Chennai,Full-time,Intermediate,Environment
U0111,User_111,"C++, Public Speaking, Web Development",High School,"Education, Environment, Startups",Hyderabad,Weekends,Beginner,Community Development
U0112,User_112,"Data Analysis, Public Speaking, Python, Web Development",Undergraduate,"Animal Welfare, Healthcare, Rural Development",Pune,Full-time,Intermediate,Design
U0113,User_113,"Data Visualization, Fundraising, Java, SQL",Undergraduate,"Arts & Culture, Education, Sports",Chennai,Weekends,Intermediate,Education
U0114,User_114,"Event Management, Teaching",PhD,"Disaster Relief, Healthcare, Sports",Mumbai,Full-time,Beginner,Marketing
U0115,User_115,"Excel, Machine Learning, Public Speaking",Postgraduate,"Human Rights, Rural Development",Delhi,Flexible,Experienced,Community Development
U0116,User_116,"C++, First Aid, Research, SQL, Video Editing",Undergraduate,"Disaster Relief, Technology",Mumbai,Weekends,Intermediate,Finance
U0117,User_117,"Community Outreach, First Aid, Graphic Design, Photography, SQL",Postgraduate,"Arts & Culture, Environment",Mumbai,Full-time,Beginner,Healthcare
U0118,User_118,"Community Outreach, SQL",Postgraduate,Rural Development,Hyderabad,Weekends,Experienced,Healthcare
U0119,User_119,"Community Outreach, Data Analysis, First Aid, Photography, Social Media Marketing",Postgraduate,"Child Welfare, Healthcare, Women Empowerment",Chennai,Part-time,Beginner,Design
U0120,User_120,"C++, SQL, Social Media Marketing",Postgraduate,Data Science,Delhi,Part-time,Intermediate,Research
U0121,User_121,"Photography, Project Management",Postgraduate,Environment,Delhi,Weekends,Intermediate,Marketing
U0122,User_122,"Excel, Web Development",PhD,Environment,Pune,Full-time,Beginner,Research
U0123,User_123,"Community Outreach, Fundraising, Teaching",Postgraduate,Child Welfare,Delhi,Weekends,Experienced,Community Development
U0124,User_124,"Data Analysis, Excel",Undergraduate,"Arts & Culture, Education, Healthcare",Delhi,Flexible,Experienced,Finance
U0125,User_125,"Community Outreach, Fundraising, JavaScript, Project Management, Public Speaking",High School,"Animal Welfare, Healthcare",Delhi,Flexible,Experienced,Social Work
U0126,User_126,"React, Teaching",High School,Technology,Delhi,Part-time,Beginner,Social Work
U0127,User_127,"Event Management, Graphic Design, Python, SQL",PhD,Environment,Mumbai,Part-time,Experienced,Research
U0128,User_128,"Data Analysis, First Aid, Machine Learning, Teaching",PhD,Disaster Relief,Hyderabad,Weekends,Experienced,Finance
U0129,User_129,"Community Outreach, Content Writing, Research, SQL, Video Editing",PhD,Child Welfare,Bengaluru,Flexible,Experienced,Marketing
U0130,User_130,"Community Outreach, SQL",Undergraduate,"Animal Welfare, Human Rights",Chennai,Full-time,Intermediate,Social Work
U0131,User_131,"Graphic Design, Machine Learning, React, Web Development",High School,"Child Welfare, Rural Development, Technology",Delhi,Part-time,Beginner,Healthcare
U0132,User_132,"JavaScript, Public Speaking, Web Development",Undergraduate,"Arts & Culture, Environment, Healthcare",Mumbai,Flexible,Experienced,Community Development
U0133,User_133,"Data Visualization, Graphic Design, Photography, Project Management, Video Editing",Postgraduate,Disaster Relief,Hyderabad,Flexible,Intermediate,Social Work
U0134,User_134,"Data Analysis, Data Visualization, Java, Social Media Marketing",High School,"Disaster Relief, Startups",Hyderabad,Full-time,Intermediate,Social Work
U0135,User_135,"Machine Learning, Video Editing",PhD,"Human Rights, Rural Development",Kolkata,Full-time,Intermediate,Community Development
U0136,User_136,"Event Management, Graphic Design, Project Management",Undergraduate,Disaster Relief,Hyderabad,Weekends,Experienced,Healthcare
U0137,User_137,"Data Analysis, React, Research",PhD,"Rural Development, Startups",Chennai,Part-time,Intermediate,Marketing
U0138,User_138,"Community Outreach, Graphic Design, Photography, Teaching",High School,"Arts & Culture, Child Welfare, Healthcare",Delhi,Full-time,Experienced,Finance
U0139,User_139,"First Aid, Photography, Project Management, Public Speaking",Undergraduate,"Healthcare, Human Rights",Pune,Part-time,Intermediate,Social Work
U0140,User_140,"Content Writing, Excel, Machine Learning, Project Management, Research",PhD,"Child Welfare, Data Science, Environment",Pune,Full-time,Experienced,Finance
U0141,User_141,"Content Writing, Python, Social Media Marketing, Web Development",Undergraduate,"Data Science, Disaster Relief",Bengaluru,Part-time,Beginner,Environment
U0142,User_142,"Content Writing, SQL",High School,"Child Welfare, Data Science, Human Rights",Bengaluru,Flexible,Beginner,Environment
U0143,User_143,"Project Management, Research, Web Development",PhD,Animal Welfare,Delhi,Part-time,Intermediate,Community Development
U0144,User_144,"C++, First Aid, Fundraising, React",Undergraduate,"Data Science, Startups",Mumbai,Part-time,Intermediate,Community Development
U0145,User_145,"Community Outreach, Content Writing, Fundraising, Java, Teaching",Undergraduate,Data Science,Chennai,Part-time,Intermediate,Education
U0146,User_146,"C++, Java, Research, SQL, Social Media Marketing",High School,"Data Science, Healthcare",Bengaluru,Weekends,Intermediate,Research
U0147,User_147,"Community Outreach, Machine Learning, React",PhD,"Animal Welfare, Education",Hyderabad,Flexible,Experienced,Marketing
U0148,User_148,"Machine Learning, Social Media Marketing, Teaching",Undergraduate,Child Welfare,Hyderabad,Weekends,Beginner,Environment
U0149,User_149,"Content Writing, Event Management",Undergraduate,"Disaster Relief, Human Rights, Startups",Hyderabad,Full-time,Beginner,Social Work
U0150,User_150,"C++, Excel, First Aid",PhD,Data Science,Delhi,Part-time,Intermediate,Healthcare
U0151,User_151,"Community Outreach, React",PhD,Healthcare,Kolkata,Flexible,Experienced,Research
U0152,User_152,"Java, Video Editing",Undergraduate,"Animal Welfare, Environment, Women Empowerment",Hyderabad,Weekends,Beginner,Community Development
U0153,User_153,"Java, Machine Learning, Photography, Social Media Marketing, Web Development",High School,"Data Science, Rural Development, Startups",Chennai,Full-time,Intermediate,Design
U0154,User_154,"Teaching, Video Editing",Postgraduate,"Education, Sports",Delhi,Full-time,Intermediate,Technology
U0155,User_155,"Data Visualization, First Aid",Postgraduate,Education,Delhi,Weekends,Experienced,Environment
U0156,User_156,"Event Management, Excel, Research, Video Editing, Web Development",High School,"Data Science, Disaster Relief, Education",Delhi,Part-time,Beginner,Technology
U0157,User_157,"Content Writing, Graphic Design",PhD,"Disaster Relief, Education, Women Empowerment",Kolkata,Part-time,Intermediate,Marketing
U0158,User_158,"Graphic Design, Video Editing",Postgraduate,Data Science,Delhi,Flexible,Intermediate,Design
U0159,User_159,"Event Management, Graphic Design, Research, Social Media Marketing, Web Development",Postgraduate,Sports,Mumbai,Full-time,Intermediate,Community Development
U0160,User_160,"C++, Content Writing, Graphic Design",High School,Child Welfare,Pune,Weekends,Intermediate,Design
U0161,User_161,"Data Analysis, Fundraising, Research, Social Media Marketing, Web Development",Postgraduate,"Animal Welfare, Arts & Culture, Women Empowerment",Kolkata,Full-time,Beginner,Finance
U0162,User_162,"First Aid, Java, Photography, Web Development",High School,Startups,Chennai,Flexible,Beginner,Environment
U0163,User_163,"React, Video Editing",Postgraduate,"Animal Welfare, Human Rights",Hyderabad,Part-time,Experienced,Design
U0164,User_164,"Data Visualization, Fundraising, Machine Learning, Social Media Marketing",Undergraduate,"Animal Welfare, Child Welfare, Startups",Pune,Weekends,Beginner,Healthcare
U0165,User_165,"First Aid, Web Development",PhD,"Animal Welfare, Healthcare, Rural Development",Delhi,Weekends,Experienced,Design
U0166,User_166,"Content Writing, Project Management, Research",PhD,Healthcare,Bengaluru,Full-time,Intermediate,Environment
U0167,User_167,"Graphic Design, Machine Learning, Photography, Research, Social Media Marketing",High School,"Data Science, Rural Development, Women Empowerment",Kolkata,Part-time,Experienced,Environment
U0168,User_168,"Java, JavaScript, React, SQL",Undergraduate,Data Science,Mumbai,Full-time,Intermediate,Research
U0169,User_169,"C++, Excel, Fundraising, Project Management",High School,Women Empowerment,Mumbai,Flexible,Experienced,Finance
U0170,User_170,"Data Visualization, Excel, Graphic Design, Machine Learning, Video Editing",High School,"Arts & Culture, Disaster Relief",Chennai,Weekends,Beginner,Research
U0171,User_171,"Community Outreach, Excel, Java",High School,Rural Development,Bengaluru,Weekends,Beginner,Environment
U0172,User_172,"Java, React, Research, Social Media Marketing",Postgraduate,Women Empowerment,Bengaluru,Weekends,Beginner,Social Work
U0173,User_173,"Java, Video Editing",Undergraduate,"Data Science, Environment, Human Rights",Pune,Weekends,Experienced,Education
U0174,User_174,"Data Analysis, Machine Learning",Postgraduate,"Data Science, Human Rights, Technology",Mumbai,Full-time,Intermediate,Research
U0175,User_175,"Content Writing, Event Management, React, Video Editing",PhD,"Disaster Relief, Healthcare",Pune,Full-time,Beginner,Design
U0176,User_176,"Event Management, Fundraising, Graphic Design, JavaScript, Project Management",Undergraduate,"Sports, Startups",Delhi,Weekends,Intermediate,Environment
U0177,User_177,"C++, Graphic Design, Java, SQL",Undergraduate,"Healthcare, Women Empowerment",Mumbai,Part-time,Beginner,Healthcare
U0178,User_178,"Content Writing, Teaching",PhD,Startups,Bengaluru,Weekends,Experienced,Marketing
U0179,User_179,"Event Management, Java, Web Development",PhD,"Disaster Relief, Women Empowerment",Hyderabad,Full-time,Intermediate,Research
U0180,User_180,"Data Analysis, Data Visualization, JavaScript, React, Social Media Marketing",High School,"Disaster Relief, Human Rights",Kolkata,Flexible,Intermediate,Research
U0181,User_181,"Community Outreach, SQL",Undergraduate,"Child Welfare, Sports",Kolkata,Flexible,Intermediate,Education
U0182,User_182,"C++, Data Analysis, Data Visualization, JavaScript, Social Media Marketing",Postgraduate,Animal Welfare,Chennai,Flexible,Experienced,Social Work
U0183,User_183,"Excel, SQL",PhD,"Child Welfare, Data Science",Chennai,Weekends,Beginner,Technology
U0184,User_184,"Data Analysis, Excel, Graphic Design, Java, Research",PhD,"Disaster Relief, Environment, Human Rights",Chennai,Part-time,Intermediate,Community Development
U0185,User_185,"First Aid, Project Management, Teaching, Web Development",Postgraduate,"Child Welfare, Data Science, Rural Development",Chennai,Flexible,Experienced,Community Development
U0186,User_186,"Event Management, Graphic Design, Python, Social Media Marketing",High School,"Human Rights, Women Empowerment",Kolkata,Full-time,Experienced,Design
U0187,User_187,"Data Visualization, First Aid, React, Video Editing",High School,"Disaster Relief, Environment, Rural Development",Pune,Flexible,Beginner,Technology
U0188,User_188,"Data Visualization, Research",High School,Education,Mumbai,Weekends,Intermediate,Environment
U0189,User_189,"Community Outreach, Java, JavaScript, Project Management, Research",PhD,"Education, Sports, Startups",Bengaluru,Part-time,Experienced,Marketing
U0190,User_190,"Fundraising, Graphic Design, Java, Teaching, Web Development",Postgraduate,"Arts & Culture, Child Welfare, Sports",Pune,Weekends,Experienced,Design
U0191,User_191,"C++, Public Speaking, React",Postgraduate,Women Empowerment,Kolkata,Weekends,Experienced,Technology
U0192,User_192,"C++, Event Management, First Aid, Graphic Design, Social Media Marketing",Postgraduate,"Healthcare, Human Rights",Pune,Flexible,Intermediate,Marketing
U0193,User_193,"Content Writing, Data Analysis, Research",High School,"Arts & Culture, Disaster Relief",Delhi,Flexible,Beginner,Technology
U0194,User_194,"C++, Excel, Public Speaking, Research",High School,"Human Rights, Sports, Technology",Bengaluru,Full-time,Experienced,Research
U0195,User_195,"Data Analysis, React, Video Editing",High School,"Child Welfare, Sports",Mumbai,Full-time,Experienced,Environment
U0196,User_196,"C++, Web Development",PhD,"Arts & Culture, Disaster Relief, Startups",Bengaluru,Weekends,Intermediate,Social Work
U0197,User_197,"Machine Learning, Video Editing",Undergraduate,"Education, Sports, Startups",Bengaluru,Flexible,Beginner,Education
U0198,User_198,"Content Writing, Data Analysis, Event Management, First Aid, Web Development",High School,"Human Rights, Startups",Hyderabad,Weekends,Intermediate,Design
U0199,User_199,"Excel, Fundraising, Java, JavaScript, Public Speaking",High School,"Environment, Sports",Mumbai,Weekends,Experienced,Environment
U0200,User_200,"First Aid, Graphic Design",Postgraduate,"Arts & Culture, Data Science, Technology",Bengaluru,Flexible,Intermediate,Research
